Day of isolation,Mean,Lower_CI,Upper_CI
0,16.6924770161564,0.34628250649396275,84.3439045957823
1,16.30072963734401,0.0,83.84339769587662
2,13.470652127112123,0.0,80.26385792164908
3,10.594814137473046,0.0,76.70594039014455
4,8.304641840371556,0.0,73.48545667953371
5,6.112762051465811,0.0,69.54036137402774
6,4.184048970731039,0.0,65.57788504477327
7,2.6287505292588103,0.0,62.61113963622046
8,1.4057811617113742,0.0,59.34097605823274
9,0.5558362070067715,0.0,56.5157549008962
10,0.09155964229805047,0.0,53.72364815797445
11,0.0,0.0,50.499639413264504
12,0.0,0.0,47.24937104854206
13,0.0,0.0,44.075567399855515
14,0.0,0.0,41.225759037118564
15,0.0,0.0,38.317571475369185
16,0.0,0.0,35.35971541923442
17,0.0,0.0,32.476927065045345
18,0.0,0.0,29.836086236101007
19,0.0,0.0,27.23105382592868
20,0.0,0.0,24.56466074361817
21,0.0,0.0,21.96885683894338
22,0.0,0.0,19.447265795109296
23,0.0,0.0,17.14333683595147
24,0.0,0.0,14.874223712333931
25,0.0,0.0,12.588161753064288
26,0.0,0.0,10.283890389783922
27,0.0,0.0,8.06407883825897
28,0.0,0.0,5.929186757230355
29,0.0,0.0,3.9048808271165054
30,0.0,0.0,1.9156235077532557
